Name;Tier 1
Attractions;Attractions
Amusement and Theme Parks;Attractions
Bars Restaurants;Attractions
Casinos Gambling;Attractions
Historic Site and Landmark Tours;Attractions
Malls Shopping Centers;Attractions
Museums Galleries;Attractions
Nightclubs;Attractions
Outdoor Attractions;Attractions
Parks;Attractions
Theater Venues;Attractions
Zoos Aquariums;Attractions
Automotive;Automotive
Auto Body Styles;Automotive
Commercial Trucks;Automotive
Convertible;Automotive
Coupe;Automotive
Crossover;Automotive
Hatchback;Automotive
Microcar;Automotive
Minivan;Automotive
Off-Road Vehicles;Automotive
Pickup Trucks;Automotive
Sedan;Automotive
Station Wagon;Automotive
SUV;Automotive
Van;Automotive
Auto Buying and Selling;Automotive
Auto Insurance;Automotive
Auto Parts;Automotive
Auto Recalls;Automotive
Auto Rentals;Automotive
Auto Repair;Automotive
Auto Safety;Automotive
Auto Shows;Automotive
Auto Technology;Automotive
Auto Infotainment Technologies;Automotive
Auto Navigation Systems;Automotive
Auto Safety Technologies;Automotive
Auto Type;Automotive
Budget Cars;Automotive
Certified Pre-Owned Cars;Automotive
Classic Cars;Automotive
Concept Cars;Automotive
Driverless Cars;Automotive
Green Vehicles;Automotive
Luxury Cars;Automotive
Performance Cars;Automotive
Car Culture;Automotive
Dash Cam Videos;Automotive
Motorcycles;Automotive
Road-Side Assistance;Automotive
Scooters;Automotive
Books and Literature;Books and Literature
Art and Photography;Books and Literature
Comics and Graphic Novels;Books and Literature
Fiction;Books and Literature
Poetry;Books and Literature
Business and Finance;Business and Finance
Business;Business and Finance
Business Accounting Finance;Business and Finance
Business Administration;Business and Finance
Business Banking Finance;Business and Finance
Angel Investment;Business and Finance
Bankruptcy;Business and Finance
Business Loans;Business and Finance
Debt Factoring Invoice Discounting;Business and Finance
Mergers and Acquisitions;Business and Finance
Private Equity;Business and Finance
Sale Lease Back;Business and Finance
Venture Capital;Business and Finance
Business IT;Business and Finance
Business Operations;Business and Finance
Business Utilities;Business and Finance
Consumer Issues;Business and Finance
Recalls;Business and Finance
Executive Leadership Management;Business and Finance
Government Business;Business and Finance
Green Solutions;Business and Finance
Human Resources;Business and Finance
Large Business;Business and Finance
Logistics;Business and Finance
Marketing and Advertising;Business and Finance
Sales;Business and Finance
Small and Medium-sized Business;Business and Finance
Startups;Business and Finance
Economy;Business and Finance
Commodities;Business and Finance
Currencies;Business and Finance
Financial Crisis;Business and Finance
Financial Reform;Business and Finance
Financial Regulation;Business and Finance
Gasoline Prices;Business and Finance
Housing Market;Business and Finance
Interest Rates;Business and Finance
Job Market;Business and Finance
Industries;Business and Finance
Advertising Industry;Business and Finance
Agriculture;Business and Finance
Apparel Industry;Business and Finance
Automotive Industry;Business and Finance
Aviation Industry;Business and Finance
Biotech and Biomedical Industry;Business and Finance
Civil Engineering Industry;Business and Finance
Construction Industry;Business and Finance
Defense Industry;Business and Finance
Education industry;Business and Finance
Entertainment Industry;Business and Finance
Environmental Services Industry;Business and Finance
Financial Industry;Business and Finance
Food Industry;Business and Finance
Healthcare Industry;Business and Finance
Hospitality Industry;Business and Finance
Information Services Industry;Business and Finance
Legal Services Industry;Business and Finance
Logistics and Transportation Industry;Business and Finance
Management Consulting Industry;Business and Finance
Manufacturing Industry;Business and Finance
Mechanical and Industrial Engineering Industry;Business and Finance
Media Industry;Business and Finance
Metals Industry;Business and Finance
Non-Profit Organizations;Business and Finance
Pharmaceutical Industry;Business and Finance
Power and Energy Industry;Business and Finance
Publishing Industry;Business and Finance
Real Estate Industry;Business and Finance
Retail Industry;Business and Finance
Technology Industry;Business and Finance
Telecommunications Industry;Business and Finance
Careers;Careers
Apprenticeships;Careers
Career Advice;Careers
Career Planning;Careers
Job Search;Careers
Job Fairs;Careers
Resume Writing and Advice;Careers
Remote Working;Careers
Vocational Training;Careers
Communication;Communication
Crime;Crime
Disasters;Disasters
Education;Education
Adult Education;Education
College Education;Education
College Planning;Education
Postgraduate Education;Education
Professional School;Education
Undergraduate Education;Education
Early Childhood Education;Education
Educational Assessment;Education
Standardized Testing;Education
Homeschooling;Education
Homework and Study;Education
Language Learning;Education
Online Education;Education
Primary Education;Education
Private School;Education
Secondary Education;Education
Special Education;Education
Entertainment;Entertainment
Movies;Entertainment
Music;Entertainment
Television;Entertainment
Events;Events
Awards Shows;Events
Business Expos Conferences;Events
Fan Conventions;Events
Family and Relationships;Family and Relationships
Bereavement;Family and Relationships
Dating;Family and Relationships
Divorce;Family and Relationships
Eldercare;Family and Relationships
Marriage and Civil Unions;Family and Relationships
Parenting;Family and Relationships
Adoption and Fostering;Family and Relationships
Daycare and Pre-School;Family and Relationships
Internet Safety;Family and Relationships
Parenting Babies and Toddlers;Family and Relationships
Parenting Children Aged 4-11;Family and Relationships
Parenting Teens;Family and Relationships
Special Needs Kids;Family and Relationships
Single Life;Family and Relationships
Fine Art;Fine Art
Costume;Fine Art
Dance;Fine Art
Design;Fine Art
Digital Arts;Fine Art
Fine Art Photography;Fine Art
Modern Art;Fine Art
Opera;Fine Art
Theater;Fine Art
Food Drink;Food Drink
Alcoholic Beverages;Food Drink
Barbecues and Grilling;Food Drink
Cooking;Food Drink
Desserts and Baking;Food Drink
Dining Out;Food Drink
Food Allergies;Food Drink
Food Movements;Food Drink
Healthy Cooking and Eating;Food Drink
Non-Alcoholic Beverages;Food Drink
Vegan Diets;Food Drink
Vegetarian Diets;Food Drink
World Cuisines;Food Drink
Genres;Genres
Nature;Genres
Action/Adventure;Genres
Animation Anime;Genres
Biographies;Genres
Comedy;Genres
Documentary;Genres
Drama;Genres
Factual;Genres
Family/Children;Genres
Fantasy;Genres
History;Genres
Holiday;Genres
Horror;Genres
Lifestyle;Genres
Music Video;Genres
Musicals;Genres
Mystery;Genres
Reality TV;Genres
Romance;Genres
Science Fiction;Genres
Soap Opera;Genres
Special Interest (Indie/Art House);Genres
Sports Radio;Genres
Talk Radio;Genres
Public Radio;Genres
Talk Show;Genres
True Crime;Genres
Western;Genres
Young Adult;Genres
Healthy Living;Healthy Living
Children Health;Healthy Living
Fitness and Exercise;Healthy Living
Participant Sports;Healthy Living
Running and Jogging;Healthy Living
Men Health;Healthy Living
Nutrition;Healthy Living
Senior Health;Healthy Living
Weight Loss;Healthy Living
Wellness;Healthy Living
Alternative Medicine;Healthy Living
Herbs and Supplements;Healthy Living
Holistic Health;Healthy Living
Physical Therapy;Healthy Living
Smoking Cessation;Healthy Living
Women Health;Healthy Living
Hobbies Interests;Hobbies Interests
Antiquing and Antiques;Hobbies Interests
Arts and Crafts;Hobbies Interests
Beadwork;Hobbies Interests
Candle and Soap Making;Hobbies Interests
Drawing and Sketching;Hobbies Interests
Jewelry Making;Hobbies Interests
Needlework;Hobbies Interests
Painting;Hobbies Interests
Photography;Hobbies Interests
Scrapbooking;Hobbies Interests
Woodworking;Hobbies Interests
Beekeeping;Hobbies Interests
Birdwatching;Hobbies Interests
Cigars;Hobbies Interests
Collecting;Hobbies Interests
Comic Books;Hobbies Interests
Stamps and Coins;Hobbies Interests
Content Production;Hobbies Interests
Audio Production;Hobbies Interests
Freelance Writing;Hobbies Interests
Screenwriting;Hobbies Interests
Video Production;Hobbies Interests
Games and Puzzles;Hobbies Interests
Board Games and Puzzles;Hobbies Interests
Card Games;Hobbies Interests
Roleplaying Games;Hobbies Interests
Genealogy and Ancestry;Hobbies Interests
Magic and Illusion;Hobbies Interests
Model Toys;Hobbies Interests
Musical Instruments;Hobbies Interests
Paranormal Phenomena;Hobbies Interests
Radio Control;Hobbies Interests
Sci-fi and Fantasy;Hobbies Interests
Workshops and Classes;Hobbies Interests
Holidays;Holidays
National Civic Holidays;Holidays
Home Garden;Home Garden
Gardening;Home Garden
Home Appliances;Home Garden
Home Entertaining;Home Garden
Home Improvement;Home Garden
Home Security;Home Garden
Indoor Environmental Quality;Home Garden
Interior Decorating;Home Garden
Landscaping;Home Garden
Outdoor Decorating;Home Garden
Remodeling Construction;Home Garden
Smart Home;Home Garden
Law;Law
Maps Navigation;Maps Navigation
Medical Health;Medical Health
Cosmetic Medical Services;Medical Health
Diseases and Conditions;Medical Health
Allergies;Medical Health
Blood Disorders;Medical Health
Bone and Joint Conditions;Medical Health
Brain and Nervous System Disorders;Medical Health
Cancer;Medical Health
Cold and Flu;Medical Health
Dental Health;Medical Health
Diabetes;Medical Health
Digestive Disorders;Medical Health
Ear Nose and Throat Conditions;Medical Health
Endocrine and Metabolic Diseases;Medical Health
Hormonal Disorders;Medical Health
Menopause;Medical Health
Thyroid Disorders;Medical Health
Eye and Vision Conditions;Medical Health
Foot Health;Medical Health
Heart and Cardiovascular Diseases;Medical Health
Infectious Diseases;Medical Health
Injuries;Medical Health
First Aid;Medical Health
Lung and Respiratory Health;Medical Health
Mental Health;Medical Health
Reproductive Health;Medical Health
Birth Control;Medical Health
Infertility;Medical Health
Pregnancy;Medical Health
Sexual Health;Medical Health
Sexual Conditions;Medical Health
Skin and Dermatology;Medical Health
Sleep Disorders;Medical Health
Substance Abuse;Medical Health
Medical Tests;Medical Health
Pharmaceutical Drugs;Medical Health
Surgery;Medical Health
Vaccines;Medical Health
Adult Album Alternative;Music
Adult Contemporary Music;Music
Soft AC Music;Music
Urban AC Music;Music
Alternative Music;Music
Blues;Music
Children Music;Music
Classic Hits;Music
Classical Music;Music
College Radio;Music
Comedy (Music and Audio);Music
Contemporary Hits/Pop/Top 40;Music
Country Music;Music
Dance and Electronic Music;Music
Gospel Music;Music
Hip Hop Music;Music
Inspirational/New Age Music;Music
Jazz;Music
Oldies/Adult Standards;Music
RB/Soul/Funk;Music
Reggae;Music
Religious (Music and Audio);Music
Rock Music;Music
Album-oriented Rock;Music
Alternative Rock;Music
Classic Rock;Music
Hard Rock;Music
Soft Rock;Music
Songwriters/Folk;Music
Soundtracks TV and Showtunes;Music
World/International Music;Music
Urban Contemporary Music;Music
Variety (Music and Audio);Music
Personal Celebrations Life Events;Personal Celebrations Life Events
Anniversary;Personal Celebrations Life Events
Baby Shower;Personal Celebrations Life Events
Bachelor Party;Personal Celebrations Life Events
Bachelorette Party;Personal Celebrations Life Events
Birth;Personal Celebrations Life Events
Birthday;Personal Celebrations Life Events
Funeral;Personal Celebrations Life Events
Graduation;Personal Celebrations Life Events
Prom;Personal Celebrations Life Events
Wedding;Personal Celebrations Life Events
Personal Finance;Personal Finance
Consumer Banking;Personal Finance
Financial Assistance;Personal Finance
Government Support and Welfare;Personal Finance
Student Financial Aid;Personal Finance
Financial Planning;Personal Finance
Frugal Living;Personal Finance
Home Utilities;Personal Finance
Gas and Electric;Personal Finance
Internet Service Providers;Personal Finance
Phone Services;Personal Finance
Water Services;Personal Finance
Insurance;Personal Finance
Health Insurance;Personal Finance
Home Insurance;Personal Finance
Life Insurance;Personal Finance
Motor Insurance;Personal Finance
Pet Insurance;Personal Finance
Travel Insurance;Personal Finance
Personal Debt;Personal Finance
Credit Cards;Personal Finance
Home Financing;Personal Finance
Personal Loans;Personal Finance
Student Loans;Personal Finance
Personal Investing;Personal Finance
Hedge Funds;Personal Finance
Mutual Funds;Personal Finance
Options;Personal Finance
Stocks and Bonds;Personal Finance
Personal Taxes;Personal Finance
Retirement Planning;Personal Finance
Pets;Pets
Birds;Pets
Cats;Pets
Dogs;Pets
Fish and Aquariums;Pets
Large Animals;Pets
Pet Adoptions;Pets
Pet Supplies;Pets
Reptiles;Pets
Veterinary Medicine;Pets
Politics;Politics
Civic affairs;Politics
Elections;Politics
Political Issues Policy;Politics
Pop Culture;Pop Culture
Celebrity Deaths;Pop Culture
Celebrity Families;Pop Culture
Celebrity Homes;Pop Culture
Celebrity Pregnancy;Pop Culture
Celebrity Relationships;Pop Culture
Celebrity Scandal;Pop Culture
Celebrity Style;Pop Culture
Humor and Satire;Pop Culture
Productivity;Productivity
Real Estate;Real Estate
Apartments;Real Estate
Developmental Sites;Real Estate
Hotel Properties;Real Estate
Houses;Real Estate
Industrial Property;Real Estate
Land and Farms;Real Estate
Office Property;Real Estate
Real Estate Buying and Selling;Real Estate
Real Estate Renting and Leasing;Real Estate
Retail Property;Real Estate
Vacation Properties;Real Estate
Religion Spirituality;Religion Spirituality
Agnosticism;Religion Spirituality
Astrology;Religion Spirituality
Atheism;Religion Spirituality
Buddhism;Religion Spirituality
Christianity;Religion Spirituality
Hinduism;Religion Spirituality
Islam;Religion Spirituality
Judaism;Religion Spirituality
Sikhism;Religion Spirituality
Spirituality;Religion Spirituality
Science;Science
Biological Sciences;Science
Chemistry;Science
Environment;Science
Genetics;Science
Geography;Science
Geology;Science
Physics;Science
Space and Astronomy;Science
Weather;Science
Sensitive Topics;Sensitive Topics
Adult Explicit Sexual Content;Sensitive Topics
Arms Ammunition;Sensitive Topics
Crime Harmful Acts to Individuals Society Human Right Violations;Sensitive Topics
Death Injury or Military Conflict;Sensitive Topics
Debated Sensitive Social Issues;Sensitive Topics
Hate Speech and Acts of Aggression;Sensitive Topics
Illegal Drugs Tobacco eCigarettes Vaping Alcohol;Sensitive Topics
Obscenity and Profanity;Sensitive Topics
Online Piracy ;Sensitive Topics
Spam or Harmful Content;Sensitive Topics
Terrorism;Sensitive Topics
Shopping;Shopping
Children Games and Toys;Shopping
Coupons and Discounts;Shopping
Flower Shopping;Shopping
Gifts and Greetings Cards;Shopping
Grocery Shopping;Shopping
Holiday Shopping;Shopping
Household Supplies;Shopping
Lotteries and Scratchcards;Shopping
Party Supplies and Decorations;Shopping
Sales and Promotions;Shopping
Sports;Sports
American Football;Sports
Australian Rules Football;Sports
Auto Racing;Sports
Motorcycle Sports;Sports
Badminton;Sports
Baseball;Sports
Basketball;Sports
Beach Volleyball;Sports
Bodybuilding;Sports
Bowling;Sports
Boxing;Sports
Cheerleading;Sports
College Sports;Sports
College Baseball;Sports
College Basketball;Sports
College Football;Sports
Cricket;Sports
Cycling;Sports
Darts;Sports
Disabled Sports;Sports
Diving;Sports
Equine Sports;Sports
Horse Racing;Sports
Extreme Sports;Sports
Canoeing and Kayaking;Sports
Climbing;Sports
Paintball;Sports
Scuba Diving;Sports
Skateboarding;Sports
Snowboarding;Sports
Surfing and Bodyboarding;Sports
Waterskiing and Wakeboarding;Sports
Fantasy Sports;Sports
Field Hockey;Sports
Figure Skating;Sports
Fishing Sports;Sports
Golf;Sports
Gymnastics;Sports
Hunting and Shooting;Sports
Ice Hockey;Sports
Inline Skating;Sports
Lacrosse;Sports
Martial Arts;Sports
Olympic Sports;Sports
Summer Olympic Sports;Sports
Winter Olympic Sports;Sports
Poker and Professional Gambling;Sports
Rodeo;Sports
Rowing;Sports
Rugby;Sports
Rugby League;Sports
Rugby Union;Sports
Sailing;Sports
Skiing;Sports
Snooker/Pool/Billiards;Sports
Soccer;Sports
Softball;Sports
Sports Equipment;Sports
Squash;Sports
Swimming;Sports
Table Tennis;Sports
Tennis;Sports
Track and Field;Sports
Volleyball;Sports
Walking;Sports
Water Polo;Sports
Weightlifting;Sports
Wrestling;Sports
Style Fashion;Style Fashion
Beauty;Style Fashion
Hair Care;Style Fashion
Makeup and Accessories;Style Fashion
Nail Care;Style Fashion
Natural and Organic Beauty;Style Fashion
Perfume and Fragrance;Style Fashion
Skin Care;Style Fashion
Body Art;Style Fashion
Children Clothing;Style Fashion
Designer Clothing;Style Fashion
Fashion Trends;Style Fashion
High Fashion;Style Fashion
Men Fashion;Style Fashion
Men Accessories;Style Fashion
Men Jewelry and Watches;Style Fashion
Men Clothing;Style Fashion
Men Business Wear;Style Fashion
Men Casual Wear;Style Fashion
Men Formal Wear;Style Fashion
Men Outerwear;Style Fashion
Men Sportswear;Style Fashion
Men Underwear and Sleepwear;Style Fashion
Men Shoes and Footwear;Style Fashion
Personal Care;Style Fashion
Bath and Shower;Style Fashion
Deodorant and Antiperspirant;Style Fashion
Oral care;Style Fashion
Shaving;Style Fashion
Street Style;Style Fashion
Women Fashion;Style Fashion
Women Accessories;Style Fashion
Women Glasses;Style Fashion
Women Handbags and Wallets;Style Fashion
Women Hats and Scarves;Style Fashion
Women Jewelry and Watches;Style Fashion
Women Clothing;Style Fashion
Women Business Wear;Style Fashion
Women Casual Wear;Style Fashion
Women Formal Wear;Style Fashion
Women Intimates and Sleepwear;Style Fashion
Women Outerwear;Style Fashion
Women Sportswear;Style Fashion
Women Shoes and Footwear;Style Fashion
Technology Computing;Technology Computing
Artificial Intelligence;Technology Computing
Augmented Reality;Technology Computing
Computing;Technology Computing
Computer Networking;Technology Computing
Computer Peripherals;Technology Computing
Software and Applications;Technology Computing
3-D Graphics;Technology Computing
Antivirus Software;Technology Computing
Browsers;Technology Computing
Computer Animation;Technology Computing
Databases;Technology Computing
Desktop Publishing;Technology Computing
Digital Audio;Technology Computing
Graphics Software;Technology Computing
Operating Systems;Technology Computing
Photo Editing Software;Technology Computing
Shareware and Freeware;Technology Computing
Video Software;Technology Computing
Web Conferencing;Technology Computing
Data Storage and Warehousing;Technology Computing
Desktops;Technology Computing
Information and Network Security;Technology Computing
Internet;Technology Computing
Cloud Computing;Technology Computing
Email;Technology Computing
Internet for Beginners;Technology Computing
Internet of Things;Technology Computing
IT and Internet Support;Technology Computing
Search;Technology Computing
Social Networking;Technology Computing
Web Design and HTML;Technology Computing
Web Development;Technology Computing
Web Hosting;Technology Computing
Laptops;Technology Computing
Programming Languages;Technology Computing
Consumer Electronics;Technology Computing
Cameras and Camcorders;Technology Computing
Home Entertainment Systems;Technology Computing
Smartphones;Technology Computing
Tablets and E-readers;Technology Computing
Wearable Technology;Technology Computing
Robotics;Technology Computing
Virtual Augmented Reality;Technology Computing
Travel;Travel
Travel Accessories;Travel
Travel Locations;Travel
Africa Travel;Travel
Asia Travel;Travel
Australia and Oceania Travel;Travel
Europe Travel;Travel
North America Travel;Travel
Polar Travel;Travel
South America Travel;Travel
Travel Preparation and Advice;Travel
Travel Type;Travel
Adventure Travel;Travel
Air Travel;Travel
Beach Travel;Travel
Bed Breakfasts;Travel
Budget Travel;Travel
Business Travel;Travel
Camping;Travel
Cruises;Travel
Day Trips;Travel
Family Travel;Travel
Honeymoons and Getaways;Travel
Hotels and Motels;Travel
Rail Travel;Travel
Road Trips;Travel
Spas;Travel
Video Gaming;Video Gaming
Console Games;Video Gaming
eSports;Video Gaming
Mobile Games;Video Gaming
PC Games;Video Gaming
Video Game Genres;Video Gaming
Action Video Games;Video Gaming
Action-Adventure Video Games;Video Gaming
Adult Video Games;Video Gaming
Adventure Video Games;Video Gaming
Casino and Gambling Video Games;Video Gaming
Casual Games;Video Gaming
Educational Video Games;Video Gaming
Exercise and Fitness Video Games;Video Gaming
Family Video Games;Video Gaming
Horror Video Games;Video Gaming
MMOs;Video Gaming
Music and Party Video Games;Video Gaming
Puzzle Video Games;Video Gaming
Racing Video Games;Video Gaming
Role-Playing Video Games;Video Gaming
Simulation Video Games;Video Gaming
Sports Video Games;Video Gaming
Strategy Video Games;Video Gaming
War and Conflicts;War and Conflicts